Workbook

Sheet 6_1 i 6_2
A1: Data | B1: Poczatek | C1: Koniec | D1: Waga | E1: Odleglosc | F1: Cena | G1: Stawka
A2: 42737 | B2: Olsztyn | C2: Torun | D2: 3527 | E2: 167 | F2: 206 | G2: =kursy[[#This Row],[Cena]]/kursy[[#This Row],[Odleglosc]] -> 1.2335329
A3: 42738 | B3: Torun | C3: Plock | D3: 3666 | E3: 112 | F3: 280 | G3: =kursy[[#This Row],[Cena]]/kursy[[#This Row],[Odleglosc]] -> 2.5 | I3: 6_1 | J3: Max | K3: Początek | L3: Koniec
A4: 42739 | B4: Plock | C4: Ostroleka | D4: 4888 | E4: 167 | F4: 624 | G4: =kursy[[#This Row],[Cena]]/kursy[[#This Row],[Odleglosc]] -> 3.7365269 | J4: =MAX(kursy[Stawka]) -> 4.2604167 | K4: =INDIRECT("B"&($J$7+1)) -> Tarnobrzeg | L4: =INDIRECT("C"&($J$7+1)) -> Kielce
A5: 42740 | B5: Ostroleka | C5: Suwalki | D5: 1099 | E5: 167 | F5: 390 | G5: =kursy[[#This Row],[Cena]]/kursy[[#This Row],[Odleglosc]] -> 2.3353293
A6: 42742 | B6: Lomza | C6: Ciechanow | D6: 4881 | E6: 118 | F6: 219 | G6: =kursy[[#This Row],[Cena]]/kursy[[#This Row],[Odleglosc]] -> 1.8559322 | I6: 6_1_pom | J6: Pozycja
A7: 42743 | B7: Ciechanow | C7: Lomza | D7: 5851 | E7: 113 | F7: 160 | G7: =kursy[[#This Row],[Cena]]/kursy[[#This Row],[Odleglosc]] -> 1.4159292 | J7: =MATCH(J4,kursy[Stawka],0) -> 62
A8: 42744 | B8: Lomza | C8: Kuznica Bialostocka | D8: 5963 | E8: 141 | F8: 168 | G8: =kursy[[#This Row],[Cena]]/kursy[[#This Row],[Odleglosc]] -> 1.1914894
A9: 42745 | B9: Kuznica Bialostocka | C9: Ostroleka | D9: 1364 | E9: 179 | F9: 533 | G9: =kursy[[#This Row],[Cena]]/kursy[[#This Row],[Odleglosc]] -> 2.9776536 | I9: 6_2 | J9: Suma
A10: 42746 | B10: Ostroleka | C10: Suwalki | D10: 1245 | E10: 166 | F10: 209 | G10: =kursy[[#This Row],[Cena]]/kursy[[#This Row],[Odleglosc]] -> 1.2590361 | J10: =SUMIF(kursy[Odleglosc],">400",kursy[Cena]) -> 21108
A11: 42747 | B11: Poznan | C11: Gubin | D11: 3771 | E11: 196 | F11: 696 | G11: =kursy[[#This Row],[Cena]]/kursy[[#This Row],[Odleglosc]] -> 3.5510204
A12: 42749 | B12: Skierniewice | C12: Tarnow | D12: 4522 | E12: 300 | F12: 1113 | G12: =kursy[[#This Row],[Cena]]/kursy[[#This Row],[Odleglosc]] -> 3.71
A13: 42750 | B13: Tarnow | C13: Katowice | D13: 4588 | E13: 148 | F13: 494 | G13: =kursy[[#This Row],[Cena]]/kursy[[#This Row],[Odleglosc]] -> 3.3378378
A14: 42751 | B14: Radom | C14: Konin | D14: 1952 | E14: 267 | F14: 602 | G14: =kursy[[#This Row],[Cena]]/kursy[[#This Row],[Odleglosc]] -> 2.2546816
A15: 42752 | B15: Konin | C15: Torun | D15: 3318 | E15: 110 | F15: 422 | G15: =kursy[[#This Row],[Cena]]/kursy[[#This Row],[Odleglosc]] -> 3.8363636
A16: 42755 | B16: Kuznica Bialostocka | C16: Ostroleka | D16: 3106 | E16: 173 | F16: 312 | G16: =kursy[[#This Row],[Cena]]/kursy[[#This Row],[Odleglosc]] -> 1.8034682
A17: 42756 | B17: Ostroleka | C17: Olsztyn | D17: 5593 | E17: 127 | F17: 421 | G17: =kursy[[#This Row],[Cena]]/kursy[[#This Row],[Odleglosc]] -> 3.3149606
A18: 42757 | B18: Olsztyn | C18: Ciechanow | D18: 5983 | E18: 118 | F18: 416 | G18: =kursy[[#This Row],[Cena]]/kursy[[#This Row],[Odleglosc]] -> 3.5254237
A19: 42758 | B19: Ciechanow | C19: Olsztyn | D19: 5496 | E19: 115 | F19: 291 | G19: =kursy[[#This Row],[Cena]]/kursy[[#This Row],[Odleglosc]] -> 2.5304348
A20: 42759 | B20: Olsztyn | C20: Lomza | D20: 4572 | E20: 164 | F20: 550 | G20: =kursy[[#This Row],[Cena]]/kursy[[#This Row],[Odleglosc]] -> 3.3536585
A21: 42760 | B21: Lomza | C21: Ciechanow | D21: 4529 | E21: 121 | F21: 373 | G21: =kursy[[#This Row],[Cena]]/kursy[[#This Row],[Odleglosc]] -> 3.0826446
A22: 42761 | B22: Ciechanow | C22: Olsztyn | D22: 4981 | E22: 123 | F22: 218 | G22: =kursy[[#This Row],[Cena]]/kursy[[#This Row],[Odleglosc]] -> 1.7723577
... A301: 43100 | B301: Ciechanow | C301: Olsztyn | D301: 2293 | E301: 126 | F301: 219 | G301: =kursy[[#This Row],[Cena]]/kursy[[#This Row],[Odleglosc]] -> 1.7380952

Sheet 6_3_6_4_pom
A1: Poczatek | B1: Koniec | C1: Typ | D1: Waga | E1: Odleglosc | F1: Cena | G1: Stawka
A2: Olsztyn | B2: Torun | C2: =_xlfn.CONCAT(kursy3[[#This Row],[Poczatek]]," -> ",kursy3[[#This Row],[Koniec]]) -> Olsztyn -> Torun | D2: 3527 | E2: 167 | F2: 206 | G2: =kursy3[[#This Row],[Cena]]/kursy3[[#This Row],[Odleglosc]] -> 1.2335329
A3: Torun | B3: Plock | C3: =_xlfn.CONCAT(kursy3[[#This Row],[Poczatek]]," -> ",kursy3[[#This Row],[Koniec]]) -> Torun -> Plock | D3: 3666 | E3: 112 | F3: 280 | G3: =kursy3[[#This Row],[Cena]]/kursy3[[#This Row],[Odleglosc]] -> 2.5
A4: Plock | B4: Ostroleka | C4: =_xlfn.CONCAT(kursy3[[#This Row],[Poczatek]]," -> ",kursy3[[#This Row],[Koniec]]) -> Plock -> Ostroleka | D4: 4888 | E4: 167 | F4: 624 | G4: =kursy3[[#This Row],[Cena]]/kursy3[[#This Row],[Odleglosc]] -> 3.7365269
A5: Ostroleka | B5: Suwalki | C5: =_xlfn.CONCAT(kursy3[[#This Row],[Poczatek]]," -> ",kursy3[[#This Row],[Koniec]]) -> Ostroleka -> Suwalki | D5: 1099 | E5: 167 | F5: 390 | G5: =kursy3[[#This Row],[Cena]]/kursy3[[#This Row],[Odleglosc]] -> 2.3353293
A6: Lomza | B6: Ciechanow | C6: =_xlfn.CONCAT(kursy3[[#This Row],[Poczatek]]," -> ",kursy3[[#This Row],[Koniec]]) -> Lomza -> Ciechanow | D6: 4881 | E6: 118 | F6: 219 | G6: =kursy3[[#This Row],[Cena]]/kursy3[[#This Row],[Odleglosc]] -> 1.8559322
A7: Ciechanow | B7: Lomza | C7: =_xlfn.CONCAT(kursy3[[#This Row],[Poczatek]]," -> ",kursy3[[#This Row],[Koniec]]) -> Ciechanow -> Lomza | D7: 5851 | E7: 113 | F7: 160 | G7: =kursy3[[#This Row],[Cena]]/kursy3[[#This Row],[Odleglosc]] -> 1.4159292
A8: Lomza | B8: Kuznica Bialostocka | C8: =_xlfn.CONCAT(kursy3[[#This Row],[Poczatek]]," -> ",kursy3[[#This Row],[Koniec]]) -> Lomza -> Kuznica Bialostocka | D8: 5963 | E8: 141 | F8: 168 | G8: =kursy3[[#This Row],[Cena]]/kursy3[[#This Row],[Odleglosc]] -> 1.1914894
A9: Kuznica Bialostocka | B9: Ostroleka | C9: =_xlfn.CONCAT(kursy3[[#This Row],[Poczatek]]," -> ",kursy3[[#This Row],[Koniec]]) -> Kuznica Bialostocka -> Ostroleka | D9: 1364 | E9: 179 | F9: 533 | G9: =kursy3[[#This Row],[Cena]]/kursy3[[#This Row],[Odleglosc]] -> 2.9776536
A10: Ostroleka | B10: Suwalki | C10: =_xlfn.CONCAT(kursy3[[#This Row],[Poczatek]]," -> ",kursy3[[#This Row],[Koniec]]) -> Ostroleka -> Suwalki | D10: 1245 | E10: 166 | F10: 209 | G10: =kursy3[[#This Row],[Cena]]/kursy3[[#This Row],[Odleglosc]] -> 1.2590361
A11: Poznan | B11: Gubin | C11: =_xlfn.CONCAT(kursy3[[#This Row],[Poczatek]]," -> ",kursy3[[#This Row],[Koniec]]) -> Poznan -> Gubin | D11: 3771 | E11: 196 | F11: 696 | G11: =kursy3[[#This Row],[Cena]]/kursy3[[#This Row],[Odleglosc]] -> 3.5510204
A12: Skierniewice | B12: Tarnow | C12: =_xlfn.CONCAT(kursy3[[#This Row],[Poczatek]]," -> ",kursy3[[#This Row],[Koniec]]) -> Skierniewice -> Tarnow | D12: 4522 | E12: 300 | F12: 1113 | G12: =kursy3[[#This Row],[Cena]]/kursy3[[#This Row],[Odleglosc]] -> 3.71
A13: Tarnow | B13: Katowice | C13: =_xlfn.CONCAT(kursy3[[#This Row],[Poczatek]]," -> ",kursy3[[#This Row],[Koniec]]) -> Tarnow -> Katowice | D13: 4588 | E13: 148 | F13: 494 | G13: =kursy3[[#This Row],[Cena]]/kursy3[[#This Row],[Odleglosc]] -> 3.3378378
... A301: Ciechanow | B301: Olsztyn | C301: =_xlfn.CONCAT(kursy3[[#This Row],[Poczatek]]," -> ",kursy3[[#This Row],[Koniec]]) -> Ciechanow -> Olsztyn | D301: 2293 | E301: 126 | F301: 219 | G301: =kursy3[[#This Row],[Cena]]/kursy3[[#This Row],[Odleglosc]] -> 1.7380952

Sheet 6_3
A3: Etykiety wierszy | B3: Suma z Cena
A4: Barwinek -> Lomza | B4: 1107 | D4: 6_3_pom | E4: Max | F4: Pozycja
A5: Barwinek -> Medyka | B5: 254 | E5: =MAX(B4:B232) -> 3034 | F5: =MATCH(E5,B4:B232,0) -> 53
A6: Barwinek -> Sieradz | B6: 899
A7: Barwinek -> Tarnow | B7: 692
A8: Bezledy -> Lomza | B8: 585 | D8: 6_3 | E8: Miasta | F8: Maksimum
A9: Biala Podlaska -> Chelm | B9: 280 | E9: =INDIRECT("A"&(F5+3)) -> Gubin -> Warszawa | F9: =$E$5 -> 3034
A10: Biala Podlaska -> Gorzow Wielkopolski | B10: 1446
A11: Biala Podlaska -> Tarnobrzeg | B11: 499
A12: Bialystok -> Suwalki | B12: 254
A13: Bielsko-Biala -> Chalupki | B13: 435
A14: Bielsko-Biala -> Chyzne | B14: 430
A15: Bielsko-Biala -> Cieszyn | B15: 54
A16: Bielsko-Biala -> Nowy Sacz | B16: 375
A17: Bielsko-Biala -> Opole | B17: 168
A18: Bielsko-Biala -> Warszawa | B18: 1436
A19: Bielsko-Biala -> Zakopane | B19: 639
A20: Bydgoszcz -> Gdansk | B20: 634
A21: Bydgoszcz -> Konin | B21: 207
... A233: Suma końcowa | B233: 126395

Sheet 6_4_pom
A3: Koniec | B3: Liczba kursów
A4: Warszawa | B4: 11
A5: Szczecin | B5: 10
A6: Bielsko-Biala | B6: 9
A7: Konin | B7: 9
A8: Pila | B8: 8
A9: Kielce | B9: 8
A10: Poznan | B10: 8
A11: Kostrzyn | B11: 8
A12: Ciechanow | B12: 8
A13: Zielona Gora | B13: 8
A14: Opole | B14: 8
A15: Wloclawek | B15: 7
... A72: Suma końcowa | B72: 300

Sheet 6_4
A1: Miasto | B1: Liczba kursów
A2: ='6_4_pom'!A4 -> Warszawa | B2: ='6_4_pom'!B4 -> 11
A3: ='6_4_pom'!A5 -> Szczecin | B3: ='6_4_pom'!B5 -> 10
A4: ='6_4_pom'!A6 -> Bielsko-Biala | B4: ='6_4_pom'!B6 -> 9
A5: ='6_4_pom'!A7 -> Konin | B5: ='6_4_pom'!B7 -> 9
A6: ='6_4_pom'!A8 -> Pila | B6: ='6_4_pom'!B8 -> 8
A7: ='6_4_pom'!A9 -> Kielce | B7: ='6_4_pom'!B9 -> 8
A8: ='6_4_pom'!A10 -> Poznan | B8: ='6_4_pom'!B10 -> 8
A9: ='6_4_pom'!A11 -> Kostrzyn | B9: ='6_4_pom'!B11 -> 8
A10: ='6_4_pom'!A12 -> Ciechanow | B10: ='6_4_pom'!B12 -> 8
A11: ='6_4_pom'!A13 -> Zielona Gora | B11: ='6_4_pom'!B13 -> 8
A12: ='6_4_pom'!A14 -> Opole | B12: ='6_4_pom'!B14 -> 8

Sheet 6_5
A1: Data | B1: Poczatek | C1: Koniec | D1: Waga | E1: Odleglosc | F1: Cena | G1: Stawka | H1: Długość ciągu
A2: 42737 | B2: Olsztyn | C2: Torun | D2: 3527 | E2: 167 | F2: 206 | G2: =kursy4[[#This Row],[Cena]]/kursy4[[#This Row],[Odleglosc]] -> 1.2335329 | H2: 1
A3: 42738 | B3: Torun | C3: Plock | D3: 3666 | E3: 112 | F3: 280 | G3: =kursy4[[#This Row],[Cena]]/kursy4[[#This Row],[Odleglosc]] -> 2.5 | H3: =IF(AND(kursy4[[#This Row],[Data]]-A2=1,C2=kursy4[[#This Row],[Poczatek]]),H2+1,1) -> 2 | J3: 6_5_pom | K3: Max | L3: Pozycja
A4: 42739 | B4: Plock | C4: Ostroleka | D4: 4888 | E4: 167 | F4: 624 | G4: =kursy4[[#This Row],[Cena]]/kursy4[[#This Row],[Odleglosc]] -> 3.7365269 | H4: =IF(AND(kursy4[[#This Row],[Data]]-A3=1,C3=kursy4[[#This Row],[Poczatek]]),H3+1,1) -> 3 | K4: =MAX(kursy4[Długość ciągu]) -> 11 | L4: =MATCH(K4,kursy4[Długość ciągu],0) -> 292
A5: 42740 | B5: Ostroleka | C5: Suwalki | D5: 1099 | E5: 167 | F5: 390 | G5: =kursy4[[#This Row],[Cena]]/kursy4[[#This Row],[Odleglosc]] -> 2.3353293 | H5: =IF(AND(kursy4[[#This Row],[Data]]-A4=1,C4=kursy4[[#This Row],[Poczatek]]),H4+1,1) -> 4
A6: 42742 | B6: Lomza | C6: Ciechanow | D6: 4881 | E6: 118 | F6: 219 | G6: =kursy4[[#This Row],[Cena]]/kursy4[[#This Row],[Odleglosc]] -> 1.8559322 | H6: =IF(AND(kursy4[[#This Row],[Data]]-A5=1,C5=kursy4[[#This Row],[Poczatek]]),H5+1,1) -> 1
A7: 42743 | B7: Ciechanow | C7: Lomza | D7: 5851 | E7: 113 | F7: 160 | G7: =kursy4[[#This Row],[Cena]]/kursy4[[#This Row],[Odleglosc]] -> 1.4159292 | H7: =IF(AND(kursy4[[#This Row],[Data]]-A6=1,C6=kursy4[[#This Row],[Poczatek]]),H6+1,1) -> 2 | J7: 6_5 | K7: Pierwszy dzień | L7: Ostatni dzień
A8: 42744 | B8: Lomza | C8: Kuznica Bialostocka | D8: 5963 | E8: 141 | F8: 168 | G8: =kursy4[[#This Row],[Cena]]/kursy4[[#This Row],[Odleglosc]] -> 1.1914894 | H8: =IF(AND(kursy4[[#This Row],[Data]]-A7=1,C7=kursy4[[#This Row],[Poczatek]]),H7+1,1) -> 3 | K8: =INDIRECT("A"&(L4-K4+2)) -> 43079 | L8: =INDIRECT("A"&(L4+1)) -> 43089
A9: 42745 | B9: Kuznica Bialostocka | C9: Ostroleka | D9: 1364 | E9: 179 | F9: 533 | G9: =kursy4[[#This Row],[Cena]]/kursy4[[#This Row],[Odleglosc]] -> 2.9776536 | H9: =IF(AND(kursy4[[#This Row],[Data]]-A8=1,C8=kursy4[[#This Row],[Poczatek]]),H8+1,1) -> 4
A10: 42746 | B10: Ostroleka | C10: Suwalki | D10: 1245 | E10: 166 | F10: 209 | G10: =kursy4[[#This Row],[Cena]]/kursy4[[#This Row],[Odleglosc]] -> 1.2590361 | H10: =IF(AND(kursy4[[#This Row],[Data]]-A9=1,C9=kursy4[[#This Row],[Poczatek]]),H9+1,1) -> 5
A11: 42747 | B11: Poznan | C11: Gubin | D11: 3771 | E11: 196 | F11: 696 | G11: =kursy4[[#This Row],[Cena]]/kursy4[[#This Row],[Odleglosc]] -> 3.5510204 | H11: =IF(AND(kursy4[[#This Row],[Data]]-A10=1,C10=kursy4[[#This Row],[Poczatek]]),H10+1,1) -> 1
A12: 42749 | B12: Skierniewice | C12: Tarnow | D12: 4522 | E12: 300 | F12: 1113 | G12: =kursy4[[#This Row],[Cena]]/kursy4[[#This Row],[Odleglosc]] -> 3.71 | H12: =IF(AND(kursy4[[#This Row],[Data]]-A11=1,C11=kursy4[[#This Row],[Poczatek]]),H11+1,1) -> 1
A13: 42750 | B13: Tarnow | C13: Katowice | D13: 4588 | E13: 148 | F13: 494 | G13: =kursy4[[#This Row],[Cena]]/kursy4[[#This Row],[Odleglosc]] -> 3.3378378 | H13: =IF(AND(kursy4[[#This Row],[Data]]-A12=1,C12=kursy4[[#This Row],[Poczatek]]),H12+1,1) -> 2
A14: 42751 | B14: Radom | C14: Konin | D14: 1952 | E14: 267 | F14: 602 | G14: =kursy4[[#This Row],[Cena]]/kursy4[[#This Row],[Odleglosc]] -> 2.2546816 | H14: =IF(AND(kursy4[[#This Row],[Data]]-A13=1,C13=kursy4[[#This Row],[Poczatek]]),H13+1,1) -> 1
A15: 42752 | B15: Konin | C15: Torun | D15: 3318 | E15: 110 | F15: 422 | G15: =kursy4[[#This Row],[Cena]]/kursy4[[#This Row],[Odleglosc]] -> 3.8363636 | H15: =IF(AND(kursy4[[#This Row],[Data]]-A14=1,C14=kursy4[[#This Row],[Poczatek]]),H14+1,1) -> 2
A16: 42755 | B16: Kuznica Bialostocka | C16: Ostroleka | D16: 3106 | E16: 173 | F16: 312 | G16: =kursy4[[#This Row],[Cena]]/kursy4[[#This Row],[Odleglosc]] -> 1.8034682 | H16: =IF(AND(kursy4[[#This Row],[Data]]-A15=1,C15=kursy4[[#This Row],[Poczatek]]),H15+1,1) -> 1
A17: 42756 | B17: Ostroleka | C17: Olsztyn | D17: 5593 | E17: 127 | F17: 421 | G17: =kursy4[[#This Row],[Cena]]/kursy4[[#This Row],[Odleglosc]] -> 3.3149606 | H17: =IF(AND(kursy4[[#This Row],[Data]]-A16=1,C16=kursy4[[#This Row],[Poczatek]]),H16+1,1) -> 2
A18: 42757 | B18: Olsztyn | C18: Ciechanow | D18: 5983 | E18: 118 | F18: 416 | G18: =kursy4[[#This Row],[Cena]]/kursy4[[#This Row],[Odleglosc]] -> 3.5254237 | H18: =IF(AND(kursy4[[#This Row],[Data]]-A17=1,C17=kursy4[[#This Row],[Poczatek]]),H17+1,1) -> 3
A19: 42758 | B19: Ciechanow | C19: Olsztyn | D19: 5496 | E19: 115 | F19: 291 | G19: =kursy4[[#This Row],[Cena]]/kursy4[[#This Row],[Odleglosc]] -> 2.5304348 | H19: =IF(AND(kursy4[[#This Row],[Data]]-A18=1,C18=kursy4[[#This Row],[Poczatek]]),H18+1,1) -> 4
A20: 42759 | B20: Olsztyn | C20: Lomza | D20: 4572 | E20: 164 | F20: 550 | G20: =kursy4[[#This Row],[Cena]]/kursy4[[#This Row],[Odleglosc]] -> 3.3536585 | H20: =IF(AND(kursy4[[#This Row],[Data]]-A19=1,C19=kursy4[[#This Row],[Poczatek]]),H19+1,1) -> 5
... A301: 43100 | B301: Ciechanow | C301: Olsztyn | D301: 2293 | E301: 126 | F301: 219 | G301: =kursy4[[#This Row],[Cena]]/kursy4[[#This Row],[Odleglosc]] -> 1.7380952 | H301: =IF(AND(kursy4[[#This Row],[Data]]-A300=1,C300=kursy4[[#This Row],[Poczatek]]),H300+1,1) -> 1
