Workbook

Sheet Dane
A1: firma_A | B1: firma_B | C1: firma_C
A2: 126 | B2: 135.43 | C2: 65.43
A3: 119 | B3: 134.99 | C3: 67.06
A4: 127 | B4: 134.04 | C4: 68.91
A5: 130 | B5: 133.76 | C5: 70.8
A6: 110 | B6: 136.73 | C6: 72.26
A7: 108.71 | B7: 136.49 | C7: 73.63
A8: 109.82 | B8: 139.22 | C8: 73.64
A9: 108.34 | B9: 138.41 | C9: 71.74
A10: 108.98 | B10: 137.68 | C10: 72.89
A11: 107.72 | B11: 140.59 | C11: 74.32
A12: 109.1 | B12: 143.21 | C12: 75.57
A13: 107.73 | B13: 145.95 | C13: 77.37
... A501: 100.38 | B501: 59.94 | C501: 127.11

Sheet 4_2
A1: firma_A | B1: firma_B | C1: firma_C | D1: ciag_a | E1: ciag_b | F1: ciag_c | H1: =MAX(gielda4[ciag_a]) -> 9 | I1: A | L1: MAX | M1: Nazwa
A2: 126 | B2: 135.43 | C2: 65.43 | D2: 1 | E2: 1 | F2: 1 | H2: =MAX(gielda4[ciag_b]) -> 4 | I2: B | L2: =MAX(H1:H3) -> 12 | M2: =VLOOKUP(L2,H1:I3,2,0) -> C
A3: 119 | B3: 134.99 | C3: 67.06 | D3: =IF(A3>A2,D2+1,1) -> 1 | E3: =IF(B3>B2,E2+1,1) -> 1 | F3: =IF(C3>C2,F2+1,1) -> 2 | H3: =MAX(gielda4[ciag_c]) -> 12 | I3: C
A4: 127 | B4: 134.04 | C4: 68.91 | D4: =IF(A4>A3,D3+1,1) -> 2 | E4: =IF(B4>B3,E3+1,1) -> 1 | F4: =IF(C4>C3,F3+1,1) -> 3
A5: 130 | B5: 133.76 | C5: 70.8 | D5: =IF(A5>A4,D4+1,1) -> 3 | E5: =IF(B5>B4,E4+1,1) -> 1 | F5: =IF(C5>C4,F4+1,1) -> 4
A6: 110 | B6: 136.73 | C6: 72.26 | D6: =IF(A6>A5,D5+1,1) -> 1 | E6: =IF(B6>B5,E5+1,1) -> 2 | F6: =IF(C6>C5,F5+1,1) -> 5
A7: 108.71 | B7: 136.49 | C7: 73.63 | D7: =IF(A7>A6,D6+1,1) -> 1 | E7: =IF(B7>B6,E6+1,1) -> 1 | F7: =IF(C7>C6,F6+1,1) -> 6
A8: 109.82 | B8: 139.22 | C8: 73.64 | D8: =IF(A8>A7,D7+1,1) -> 2 | E8: =IF(B8>B7,E7+1,1) -> 2 | F8: =IF(C8>C7,F7+1,1) -> 7
A9: 108.34 | B9: 138.41 | C9: 71.74 | D9: =IF(A9>A8,D8+1,1) -> 1 | E9: =IF(B9>B8,E8+1,1) -> 1 | F9: =IF(C9>C8,F8+1,1) -> 1
A10: 108.98 | B10: 137.68 | C10: 72.89 | D10: =IF(A10>A9,D9+1,1) -> 2 | E10: =IF(B10>B9,E9+1,1) -> 1 | F10: =IF(C10>C9,F9+1,1) -> 2
A11: 107.72 | B11: 140.59 | C11: 74.32 | D11: =IF(A11>A10,D10+1,1) -> 1 | E11: =IF(B11>B10,E10+1,1) -> 2 | F11: =IF(C11>C10,F10+1,1) -> 3
A12: 109.1 | B12: 143.21 | C12: 75.57 | D12: =IF(A12>A11,D11+1,1) -> 2 | E12: =IF(B12>B11,E11+1,1) -> 3 | F12: =IF(C12>C11,F11+1,1) -> 4
A13: 107.73 | B13: 145.95 | C13: 77.37 | D13: =IF(A13>A12,D12+1,1) -> 1 | E13: =IF(B13>B12,E12+1,1) -> 4 | F13: =IF(C13>C12,F12+1,1) -> 5
A14: 107.75 | B14: 145.35 | C14: 75.7 | D14: =IF(A14>A13,D13+1,1) -> 2 | E14: =IF(B14>B13,E13+1,1) -> 1 | F14: =IF(C14>C13,F13+1,1) -> 1
A15: 110.02 | B15: 145.35 | C15: 75.96 | D15: =IF(A15>A14,D14+1,1) -> 3 | E15: =IF(B15>B14,E14+1,1) -> 1 | F15: =IF(C15>C14,F14+1,1) -> 2
... A501: 100.38 | B501: 59.94 | C501: 127.11 | D501: =IF(A501>A500,D500+1,1) -> 1 | E501: =IF(B501>B500,E500+1,1) -> 1 | F501: =IF(C501>C500,F500+1,1) -> 3

Sheet 4_1
A1: nr_dnia | B1: firma_A | C1: firma_B | D1: firma_C
A2: 1 | B2: 126 | C2: 135.43 | D2: 65.43
A3: 2 | B3: 119 | C3: 134.99 | D3: 67.06
A4: 3 | B4: 127 | C4: 134.04 | D4: 68.91
A5: 4 | B5: 130 | C5: 133.76 | D5: 70.8
A6: 5 | B6: 110 | C6: 136.73 | D6: 72.26
A7: 6 | B7: 108.71 | C7: 136.49 | D7: 73.63
A8: 7 | B8: 109.82 | C8: 139.22 | D8: 73.64
A9: 8 | B9: 108.34 | C9: 138.41 | D9: 71.74
A10: 9 | B10: 108.98 | C10: 137.68 | D10: 72.89
A11: 10 | B11: 107.72 | C11: 140.59 | D11: 74.32
A12: 11 | B12: 109.1 | C12: 143.21 | D12: 75.57
A13: 12 | B13: 107.73 | C13: 145.95 | D13: 77.37
... A501: 500 | B501: 100.38 | C501: 59.94 | D501: 127.11

Sheet 4_3_pom
A1: firma_A | B1: firma_B | C1: firma_C | D1: hossa_a | E1: hossa_b | F1: hossa_c | G1: czy_ok
A2: 126 | B2: 135.43 | C2: 65.43 | D2: 0 | E2: 0 | F2: 0 | G2: =IF(SUM(D2:F2)>=2,1,0) -> 0
A3: 119 | B3: 134.99 | C3: 67.06 | D3: =IF($A3>MAX($A$2:$A2),1,0) -> 0 | E3: =IF($B3>MAX($B$2:$B2),1,0) -> 0 | F3: =IF($C3>MAX($C$2:$C2),1,0) -> 1 | G3: =IF(SUM(D3:F3)>=2,1,0) -> 0
A4: 127 | B4: 134.04 | C4: 68.91 | D4: =IF($A4>MAX($A$2:$A3),1,0) -> 1 | E4: =IF($B4>MAX($B$2:$B3),1,0) -> 0 | F4: =IF($C4>MAX($C$2:$C3),1,0) -> 1 | G4: =IF(SUM(D4:F4)>=2,1,0) -> 1
A5: 130 | B5: 133.76 | C5: 70.8 | D5: =IF($A5>MAX($A$2:$A4),1,0) -> 1 | E5: =IF($B5>MAX($B$2:$B4),1,0) -> 0 | F5: =IF($C5>MAX($C$2:$C4),1,0) -> 1 | G5: =IF(SUM(D5:F5)>=2,1,0) -> 1
A6: 110 | B6: 136.73 | C6: 72.26 | D6: =IF($A6>MAX($A$2:$A5),1,0) -> 0 | E6: =IF($B6>MAX($B$2:$B5),1,0) -> 1 | F6: =IF($C6>MAX($C$2:$C5),1,0) -> 1 | G6: =IF(SUM(D6:F6)>=2,1,0) -> 1
A7: 108.71 | B7: 136.49 | C7: 73.63 | D7: =IF($A7>MAX($A$2:$A6),1,0) -> 0 | E7: =IF($B7>MAX($B$2:$B6),1,0) -> 0 | F7: =IF($C7>MAX($C$2:$C6),1,0) -> 1 | G7: =IF(SUM(D7:F7)>=2,1,0) -> 0
A8: 109.82 | B8: 139.22 | C8: 73.64 | D8: =IF($A8>MAX($A$2:$A7),1,0) -> 0 | E8: =IF($B8>MAX($B$2:$B7),1,0) -> 1 | F8: =IF($C8>MAX($C$2:$C7),1,0) -> 1 | G8: =IF(SUM(D8:F8)>=2,1,0) -> 1
A9: 108.34 | B9: 138.41 | C9: 71.74 | D9: =IF($A9>MAX($A$2:$A8),1,0) -> 0 | E9: =IF($B9>MAX($B$2:$B8),1,0) -> 0 | F9: =IF($C9>MAX($C$2:$C8),1,0) -> 0 | G9: =IF(SUM(D9:F9)>=2,1,0) -> 0
A10: 108.98 | B10: 137.68 | C10: 72.89 | D10: =IF($A10>MAX($A$2:$A9),1,0) -> 0 | E10: =IF($B10>MAX($B$2:$B9),1,0) -> 0 | F10: =IF($C10>MAX($C$2:$C9),1,0) -> 0 | G10: =IF(SUM(D10:F10)>=2,1,0) -> 0
A11: 107.72 | B11: 140.59 | C11: 74.32 | D11: =IF($A11>MAX($A$2:$A10),1,0) -> 0 | E11: =IF($B11>MAX($B$2:$B10),1,0) -> 1 | F11: =IF($C11>MAX($C$2:$C10),1,0) -> 1 | G11: =IF(SUM(D11:F11)>=2,1,0) -> 1
A12: 109.1 | B12: 143.21 | C12: 75.57 | D12: =IF($A12>MAX($A$2:$A11),1,0) -> 0 | E12: =IF($B12>MAX($B$2:$B11),1,0) -> 1 | F12: =IF($C12>MAX($C$2:$C11),1,0) -> 1 | G12: =IF(SUM(D12:F12)>=2,1,0) -> 1
A13: 107.73 | B13: 145.95 | C13: 77.37 | D13: =IF($A13>MAX($A$2:$A12),1,0) -> 0 | E13: =IF($B13>MAX($B$2:$B12),1,0) -> 1 | F13: =IF($C13>MAX($C$2:$C12),1,0) -> 1 | G13: =IF(SUM(D13:F13)>=2,1,0) -> 1
A14: 107.75 | B14: 145.35 | C14: 75.7 | D14: =IF($A14>MAX($A$2:$A13),1,0) -> 0 | E14: =IF($B14>MAX($B$2:$B13),1,0) -> 0 | F14: =IF($C14>MAX($C$2:$C13),1,0) -> 0 | G14: =IF(SUM(D14:F14)>=2,1,0) -> 0
... A501: 100.38 | B501: 59.94 | C501: 127.11 | D501: =IF($A501>MAX($A$2:$A500),1,0) -> 0 | E501: =IF($B501>MAX($B$2:$B500),1,0) -> 0 | F501: =IF($C501>MAX($C$2:$C500),1,0) -> 0 | G501: =IF(SUM(D501:F501)>=2,1,0) -> 0

Sheet 4_3
A1: nr dnia | B1: czy_ok | E1: Dni
A2: 3 | B2: ='4_3_pom'!G4 -> 1 | E2: =IF(B2=1,A2,"") -> 3
A3: 4 | B3: ='4_3_pom'!G5 -> 1 | E3: =IF(B3=1,A3,"") -> 4
A4: 5 | B4: ='4_3_pom'!G6 -> 1 | E4: =IF(B4=1,A4,"") -> 5
A5: 7 | B5: ='4_3_pom'!G8 -> 1 | E5: =IF(B5=1,A5,"") -> 7
A6: 10 | B6: ='4_3_pom'!G11 -> 1 | E6: =IF(B6=1,A6,"") -> 10
A7: 11 | B7: ='4_3_pom'!G12 -> 1 | E7: =IF(B7=1,A7,"") -> 11
A8: 12 | B8: ='4_3_pom'!G13 -> 1 | E8: =IF(B8=1,A8,"") -> 12
A9: 16 | B9: ='4_3_pom'!G17 -> 1 | E9: =IF(B9=1,A9,"") -> 16
A10: 1 | B10: ='4_3_pom'!G2 -> 0 | E10: =IF(B10=1,A10,"")
A11: 2 | B11: ='4_3_pom'!G3 -> 0 | E11: =IF(B11=1,A11,"")
A12: 6 | B12: ='4_3_pom'!G7 -> 0 | E12: =IF(B12=1,A12,"")
A13: 8 | B13: ='4_3_pom'!G9 -> 0 | E13: =IF(B13=1,A13,"")
A14: 9 | B14: ='4_3_pom'!G10 -> 0 | E14: =IF(B14=1,A14,"")
A15: 13 | B15: ='4_3_pom'!G14 -> 0 | E15: =IF(B15=1,A15,"")
A16: 14 | B16: ='4_3_pom'!G15 -> 0 | E16: =IF(B16=1,A16,"")
A17: 15 | B17: ='4_3_pom'!G16 -> 0 | E17: =IF(B17=1,A17,"")
A18: 17 | B18: ='4_3_pom'!G18 -> 0 | E18: =IF(B18=1,A18,"")
A19: 18 | B19: ='4_3_pom'!G19 -> 0 | E19: =IF(B19=1,A19,"")
A20: 19 | B20: ='4_3_pom'!G20 -> 0 | E20: =IF(B20=1,A20,"")
A21: 20 | B21: ='4_3_pom'!G21 -> 0 | E21: =IF(B21=1,A21,"")
A22: 21 | B22: ='4_3_pom'!G22 -> 0 | E22: =IF(B22=1,A22,"")
A23: 22 | B23: ='4_3_pom'!G23 -> 0 | E23: =IF(B23=1,A23,"")
A24: 23 | B24: ='4_3_pom'!G24 -> 0 | E24: =IF(B24=1,A24,"")
A25: 24 | B25: ='4_3_pom'!G25 -> 0 | E25: =IF(B25=1,A25,"")
A26: 25 | B26: ='4_3_pom'!G26 -> 0 | E26: =IF(B26=1,A26,"")
A27: 26 | B27: ='4_3_pom'!G27 -> 0 | E27: =IF(B27=1,A27,"")
A28: 27 | B28: ='4_3_pom'!G28 -> 0 | E28: =IF(B28=1,A28,"")
A29: 28 | B29: ='4_3_pom'!G29 -> 0 | E29: =IF(B29=1,A29,"")
... A501: 500 | B501: ='4_3_pom'!G501 -> 0 | E501: =IF(B501=1,A501,"")

Sheet 4_4
C1: stan | D1: liczba_akcji
A2: nr_dnia | B2: firma_C | C2: 5000 | D2: 0 | E2: czy kupił
A3: 1 | B3: 65.43 | C3: =IF($A3=1,$C$2-(ROUNDDOWN(1000/$B3,0)*$B3),IF(A3=2,C2,IF(A3>3,IF(AND(B2<B1,B1<#REF!),IF(C2>=1000,C2-(ROUNDDOWN(1000/$B3,0)*$B3),C2),IF($B2=MAX($B2:$B$3),C2+(D2*B3),C2)),IF($B2=MAX($B2:$B$3),C2+(D2*B3),C2)))) -> 4018.55 | D3: =IF($A3=1,D2+ROUNDDOWN(1000/$B3,0),IF(A3=2,D2,IF(A3>3,IF(AND(B2<B1,B1<#REF!),IF(C2>=1000,D2+ROUNDDOWN(1000/$B3,0),D2),IF($B2=MAX($B2:$B$3),0,D2)),IF($B2=MAX($B2:$B$3),0,D2)))) -> 15 | E3: =IF(D3>D2,1,0) -> 1 | G3: Max akcji | H3: Ilość kupna | I3: Koniec - pieniądze | J3: Koniec - akcje
A4: 2 | B4: 67.06 | C4: =IF($A4=1,$C$2-(ROUNDDOWN(1000/$B4,0)*$B4),IF(A4=2,C3,IF(A4>3,IF(AND(B3<B2,B2<B1),IF(C3>=1000,C3-(ROUNDDOWN(1000/$B4,0)*$B4),C3),IF($B3=MAX($B$3:$B3),C3+(D3*B4),C3)),IF($B3=MAX($B$3:$B3),C3+(D3*B4),C3)))) -> 4018.55 | D4: =IF($A4=1,D3+ROUNDDOWN(1000/$B4,0),IF(A4=2,D3,IF(A4>3,IF(AND(B3<B2,B2<B1),IF(C3>=1000,D3+ROUNDDOWN(1000/$B4,0),D3),IF($B3=MAX($B$3:$B3),0,D3)),IF($B3=MAX($B$3:$B3),0,D3)))) -> 15 | E4: =IF(D4>D3,1,0) -> 0 | G4: =MAX(D2:D502) -> 64 | H4: =SUM(E3:E502) -> 31 | I4: =$C$502 -> 970.77 | J4: =$D$502 -> 36
A5: 3 | B5: 68.91 | C5: =IF($A5=1,$C$2-(ROUNDDOWN(1000/$B5,0)*$B5),IF(A5=2,C4,IF(A5>3,IF(AND(B4<B3,B3<B2),IF(C4>=1000,C4-(ROUNDDOWN(1000/$B5,0)*$B5),C4),IF($B4=MAX($B$3:$B4),C4+(D4*B5),C4)),IF($B4=MAX($B$3:$B4),C4+(D4*B5),C4)))) -> 5052.2 | D5: =IF($A5=1,D4+ROUNDDOWN(1000/$B5,0),IF(A5=2,D4,IF(A5>3,IF(AND(B4<B3,B3<B2),IF(C4>=1000,D4+ROUNDDOWN(1000/$B5,0),D4),IF($B4=MAX($B$3:$B4),0,D4)),IF($B4=MAX($B$3:$B4),0,D4)))) -> 0 | E5: =IF(D5>D4,1,0) -> 0
A6: 4 | B6: 70.8 | C6: =IF($A6=1,$C$2-(ROUNDDOWN(1000/$B6,0)*$B6),IF(A6=2,C5,IF(A6>3,IF(AND(B5<B4,B4<B3),IF(C5>=1000,C5-(ROUNDDOWN(1000/$B6,0)*$B6),C5),IF($B5=MAX($B$3:$B5),C5+(D5*B6),C5)),IF($B5=MAX($B$3:$B5),C5+(D5*B6),C5)))) -> 5052.2 | D6: =IF($A6=1,D5+ROUNDDOWN(1000/$B6,0),IF(A6=2,D5,IF(A6>3,IF(AND(B5<B4,B4<B3),IF(C5>=1000,D5+ROUNDDOWN(1000/$B6,0),D5),IF($B5=MAX($B$3:$B5),0,D5)),IF($B5=MAX($B$3:$B5),0,D5)))) -> 0 | E6: =IF(D6>D5,1,0) -> 0
A7: 5 | B7: 72.26 | C7: =IF($A7=1,$C$2-(ROUNDDOWN(1000/$B7,0)*$B7),IF(A7=2,C6,IF(A7>3,IF(AND(B6<B5,B5<B4),IF(C6>=1000,C6-(ROUNDDOWN(1000/$B7,0)*$B7),C6),IF($B6=MAX($B$3:$B6),C6+(D6*B7),C6)),IF($B6=MAX($B$3:$B6),C6+(D6*B7),C6)))) -> 5052.2 | D7: =IF($A7=1,D6+ROUNDDOWN(1000/$B7,0),IF(A7=2,D6,IF(A7>3,IF(AND(B6<B5,B5<B4),IF(C6>=1000,D6+ROUNDDOWN(1000/$B7,0),D6),IF($B6=MAX($B$3:$B6),0,D6)),IF($B6=MAX($B$3:$B6),0,D6)))) -> 0 | E7: =IF(D7>D6,1,0) -> 0
A8: 6 | B8: 73.63 | C8: =IF($A8=1,$C$2-(ROUNDDOWN(1000/$B8,0)*$B8),IF(A8=2,C7,IF(A8>3,IF(AND(B7<B6,B6<B5),IF(C7>=1000,C7-(ROUNDDOWN(1000/$B8,0)*$B8),C7),IF($B7=MAX($B$3:$B7),C7+(D7*B8),C7)),IF($B7=MAX($B$3:$B7),C7+(D7*B8),C7)))) -> 5052.2 | D8: =IF($A8=1,D7+ROUNDDOWN(1000/$B8,0),IF(A8=2,D7,IF(A8>3,IF(AND(B7<B6,B6<B5),IF(C7>=1000,D7+ROUNDDOWN(1000/$B8,0),D7),IF($B7=MAX($B$3:$B7),0,D7)),IF($B7=MAX($B$3:$B7),0,D7)))) -> 0 | E8: =IF(D8>D7,1,0) -> 0
A9: 7 | B9: 73.64 | C9: =IF($A9=1,$C$2-(ROUNDDOWN(1000/$B9,0)*$B9),IF(A9=2,C8,IF(A9>3,IF(AND(B8<B7,B7<B6),IF(C8>=1000,C8-(ROUNDDOWN(1000/$B9,0)*$B9),C8),IF($B8=MAX($B$3:$B8),C8+(D8*B9),C8)),IF($B8=MAX($B$3:$B8),C8+(D8*B9),C8)))) -> 5052.2 | D9: =IF($A9=1,D8+ROUNDDOWN(1000/$B9,0),IF(A9=2,D8,IF(A9>3,IF(AND(B8<B7,B7<B6),IF(C8>=1000,D8+ROUNDDOWN(1000/$B9,0),D8),IF($B8=MAX($B$3:$B8),0,D8)),IF($B8=MAX($B$3:$B8),0,D8)))) -> 0 | E9: =IF(D9>D8,1,0) -> 0
A10: 8 | B10: 71.74 | C10: =IF($A10=1,$C$2-(ROUNDDOWN(1000/$B10,0)*$B10),IF(A10=2,C9,IF(A10>3,IF(AND(B9<B8,B8<B7),IF(C9>=1000,C9-(ROUNDDOWN(1000/$B10,0)*$B10),C9),IF($B9=MAX($B$3:$B9),C9+(D9*B10),C9)),IF($B9=MAX($B$3:$B9),C9+(D9*B10),C9)))) -> 5052.2 | D10: =IF($A10=1,D9+ROUNDDOWN(1000/$B10,0),IF(A10=2,D9,IF(A10>3,IF(AND(B9<B8,B8<B7),IF(C9>=1000,D9+ROUNDDOWN(1000/$B10,0),D9),IF($B9=MAX($B$3:$B9),0,D9)),IF($B9=MAX($B$3:$B9),0,D9)))) -> 0 | E10: =IF(D10>D9,1,0) -> 0
A11: 9 | B11: 72.89 | C11: =IF($A11=1,$C$2-(ROUNDDOWN(1000/$B11,0)*$B11),IF(A11=2,C10,IF(A11>3,IF(AND(B10<B9,B9<B8),IF(C10>=1000,C10-(ROUNDDOWN(1000/$B11,0)*$B11),C10),IF($B10=MAX($B$3:$B10),C10+(D10*B11),C10)),IF($B10=MAX($B$3:$B10),C10+(D10*B11),C10)))) -> 5052.2 | D11: =IF($A11=1,D10+ROUNDDOWN(1000/$B11,0),IF(A11=2,D10,IF(A11>3,IF(AND(B10<B9,B9<B8),IF(C10>=1000,D10+ROUNDDOWN(1000/$B11,0),D10),IF($B10=MAX($B$3:$B10),0,D10)),IF($B10=MAX($B$3:$B10),0,D10)))) -> 0 | E11: =IF(D11>D10,1,0) -> 0
A12: 10 | B12: 74.32 | C12: =IF($A12=1,$C$2-(ROUNDDOWN(1000/$B12,0)*$B12),IF(A12=2,C11,IF(A12>3,IF(AND(B11<B10,B10<B9),IF(C11>=1000,C11-(ROUNDDOWN(1000/$B12,0)*$B12),C11),IF($B11=MAX($B$3:$B11),C11+(D11*B12),C11)),IF($B11=MAX($B$3:$B11),C11+(D11*B12),C11)))) -> 5052.2 | D12: =IF($A12=1,D11+ROUNDDOWN(1000/$B12,0),IF(A12=2,D11,IF(A12>3,IF(AND(B11<B10,B10<B9),IF(C11>=1000,D11+ROUNDDOWN(1000/$B12,0),D11),IF($B11=MAX($B$3:$B11),0,D11)),IF($B11=MAX($B$3:$B11),0,D11)))) -> 0 | E12: =IF(D12>D11,1,0) -> 0
A13: 11 | B13: 75.57 | C13: =IF($A13=1,$C$2-(ROUNDDOWN(1000/$B13,0)*$B13),IF(A13=2,C12,IF(A13>3,IF(AND(B12<B11,B11<B10),IF(C12>=1000,C12-(ROUNDDOWN(1000/$B13,0)*$B13),C12),IF($B12=MAX($B$3:$B12),C12+(D12*B13),C12)),IF($B12=MAX($B$3:$B12),C12+(D12*B13),C12)))) -> 5052.2 | D13: =IF($A13=1,D12+ROUNDDOWN(1000/$B13,0),IF(A13=2,D12,IF(A13>3,IF(AND(B12<B11,B11<B10),IF(C12>=1000,D12+ROUNDDOWN(1000/$B13,0),D12),IF($B12=MAX($B$3:$B12),0,D12)),IF($B12=MAX($B$3:$B12),0,D12)))) -> 0 | E13: =IF(D13>D12,1,0) -> 0
A14: 12 | B14: 77.37 | C14: =IF($A14=1,$C$2-(ROUNDDOWN(1000/$B14,0)*$B14),IF(A14=2,C13,IF(A14>3,IF(AND(B13<B12,B12<B11),IF(C13>=1000,C13-(ROUNDDOWN(1000/$B14,0)*$B14),C13),IF($B13=MAX($B$3:$B13),C13+(D13*B14),C13)),IF($B13=MAX($B$3:$B13),C13+(D13*B14),C13)))) -> 5052.2 | D14: =IF($A14=1,D13+ROUNDDOWN(1000/$B14,0),IF(A14=2,D13,IF(A14>3,IF(AND(B13<B12,B12<B11),IF(C13>=1000,D13+ROUNDDOWN(1000/$B14,0),D13),IF($B13=MAX($B$3:$B13),0,D13)),IF($B13=MAX($B$3:$B13),0,D13)))) -> 0 | E14: =IF(D14>D13,1,0) -> 0
A15: 13 | B15: 75.7 | C15: =IF($A15=1,$C$2-(ROUNDDOWN(1000/$B15,0)*$B15),IF(A15=2,C14,IF(A15>3,IF(AND(B14<B13,B13<B12),IF(C14>=1000,C14-(ROUNDDOWN(1000/$B15,0)*$B15),C14),IF($B14=MAX($B$3:$B14),C14+(D14*B15),C14)),IF($B14=MAX($B$3:$B14),C14+(D14*B15),C14)))) -> 5052.2 | D15: =IF($A15=1,D14+ROUNDDOWN(1000/$B15,0),IF(A15=2,D14,IF(A15>3,IF(AND(B14<B13,B13<B12),IF(C14>=1000,D14+ROUNDDOWN(1000/$B15,0),D14),IF($B14=MAX($B$3:$B14),0,D14)),IF($B14=MAX($B$3:$B14),0,D14)))) -> 0 | E15: =IF(D15>D14,1,0) -> 0
A16: 14 | B16: 75.96 | C16: =IF($A16=1,$C$2-(ROUNDDOWN(1000/$B16,0)*$B16),IF(A16=2,C15,IF(A16>3,IF(AND(B15<B14,B14<B13),IF(C15>=1000,C15-(ROUNDDOWN(1000/$B16,0)*$B16),C15),IF($B15=MAX($B$3:$B15),C15+(D15*B16),C15)),IF($B15=MAX($B$3:$B15),C15+(D15*B16),C15)))) -> 5052.2 | D16: =IF($A16=1,D15+ROUNDDOWN(1000/$B16,0),IF(A16=2,D15,IF(A16>3,IF(AND(B15<B14,B14<B13),IF(C15>=1000,D15+ROUNDDOWN(1000/$B16,0),D15),IF($B15=MAX($B$3:$B15),0,D15)),IF($B15=MAX($B$3:$B15),0,D15)))) -> 0 | E16: =IF(D16>D15,1,0) -> 0
... A502: 500 | B502: 127.11 | C502: =IF($A502=1,$C$2-(ROUNDDOWN(1000/$B502,0)*$B502),IF(A502=2,C501,IF(A502>3,IF(AND(B501<B500,B500<B499),IF(C501>=1000,C501-(ROUNDDOWN(1000/$B502,0)*$B502),C501),IF($B501=MAX($B$3:$B501),C501+(D501*B502),C501)),IF($B501=MAX($B$3:$B501),C501+(D501*B502),C501)))) -> 970.77 | D502: =IF($A502=1,D501+ROUNDDOWN(1000/$B502,0),IF(A502=2,D501,IF(A502>3,IF(AND(B501<B500,B500<B499),IF(C501>=1000,D501+ROUNDDOWN(1000/$B502,0),D501),IF($B501=MAX($B$3:$B501),0,D501)),IF($B501=MAX($B$3:$B501),0,D501)))) -> 36 | E502: =IF(D502>D501,1,0) -> 0
