Workbook
Name kraina: Dane!$A$2:$E$51
Name kraina: 'Pom3'!$A$2:$E$51

Sheet Podpunkt 1
A3: Etykiety wierszy | B3: Suma z m 2013 | C3: Suma z k 2013 | D3: Suma całkowita
A4: A | B4: 16529358 | C4: 17400221 | D4: =SUM(B4:C4) -> 33929579
A5: B | B5: 21021832 | C5: 20714787 | D5: =SUM(B5:C5) -> 41736619
A6: C | B6: 28937349 | C6: 28711668 | D6: =SUM(B6:C6) -> 57649017
A7: D | B7: 18468250 | C7: 18062137 | D7: =SUM(B7:C7) -> 36530387
A8: Suma końcowa | B8: 84956789 | C8: 84888813 | D8: =SUM(B8:C8) -> 169845602

Sheet Podpunkt 2
A1: Czy więcej | B1: TAK
A3: Region | B3: Liczba województw
A4: A | B4: 3
A5: B | B5: 4
A6: C | B6: 8
A7: D | B7: 4
A8: W całym kraju | B8: 19

Sheet Dane
A1: Województwo | B1: k 2013 | C1: m 2013 | D1: k 2014 | E1: m 2014 | F1: region | G1: województwo | H1: Czy więcej
A2: w01D | B2: 1415007 | C2: 1397195 | D2: 1499070 | E2: 1481105 | F2: =MID(A2,4,1) -> D | G2: =MID(A2,1,3) -> w01 | H2: =IF(AND(D2>B2,E2>C2),"TAK","NIE") -> TAK
A3: w02D | B3: 1711390 | C3: 1641773 | D3: 1522030 | E3: 1618733 | F3: =MID(A3,4,1) -> D | G3: =MID(A3,1,3) -> w02 | H3: =IF(AND(D3>B3,E3>C3),"TAK","NIE") -> NIE
A4: w03C | B4: 1165105 | C4: 1278732 | D4: 1299953 | E4: 1191621 | F4: =MID(A4,4,1) -> C | G4: =MID(A4,1,3) -> w03 | H4: =IF(AND(D4>B4,E4>C4),"TAK","NIE") -> NIE
A5: w04D | B5: 949065 | C5: 1026050 | D5: 688027 | E5: 723233 | F5: =MID(A5,4,1) -> D | G5: =MID(A5,1,3) -> w04 | H5: =IF(AND(D5>B5,E5>C5),"TAK","NIE") -> NIE
A6: w05A | B6: 2436107 | C6: 2228622 | D6: 1831600 | E6: 1960624 | F6: =MID(A6,4,1) -> A | G6: =MID(A6,1,3) -> w05 | H6: =IF(AND(D6>B6,E6>C6),"TAK","NIE") -> NIE
A7: w06D | B7: 1846928 | C7: 1851433 | D7: 2125113 | E7: 2028635 | F7: =MID(A7,4,1) -> D | G7: =MID(A7,1,3) -> w06 | H7: =IF(AND(D7>B7,E7>C7),"TAK","NIE") -> TAK
A8: w07B | B8: 3841577 | C8: 3848394 | D8: 3595975 | E8: 3123039 | F8: =MID(A8,4,1) -> B | G8: =MID(A8,1,3) -> w07 | H8: =IF(AND(D8>B8,E8>C8),"TAK","NIE") -> NIE
A9: w08A | B9: 679557 | C9: 655500 | D9: 1012012 | E9: 1067022 | F9: =MID(A9,4,1) -> A | G9: =MID(A9,1,3) -> w08 | H9: =IF(AND(D9>B9,E9>C9),"TAK","NIE") -> TAK
A10: w09C | B10: 1660998 | C10: 1630345 | D10: 1130119 | E10: 1080238 | F10: =MID(A10,4,1) -> C | G10: =MID(A10,1,3) -> w09 | H10: =IF(AND(D10>B10,E10>C10),"TAK","NIE") -> NIE
A11: w10C | B11: 1157622 | C11: 1182345 | D11: 830785 | E11: 833779 | F11: =MID(A11,4,1) -> C | G11: =MID(A11,1,3) -> w10 | H11: =IF(AND(D11>B11,E11>C11),"TAK","NIE") -> NIE
A12: w11D | B12: 1987047 | C12: 1996208 | D12: 2053892 | E12: 1697247 | F12: =MID(A12,4,1) -> D | G12: =MID(A12,1,3) -> w11 | H12: =IF(AND(D12>B12,E12>C12),"TAK","NIE") -> NIE
A13: w12C | B13: 3997724 | C13: 3690756 | D13: 4339393 | E13: 4639643 | F13: =MID(A13,4,1) -> C | G13: =MID(A13,1,3) -> w12 | H13: =IF(AND(D13>B13,E13>C13),"TAK","NIE") -> TAK
... A51: w50B | B51: 2494207 | C51: 2625207 | D51: 1796293 | E51: 1853602 | F51: =MID(A51,4,1) -> B | G51: =MID(A51,1,3) -> w50 | H51: =IF(AND(D51>B51,E51>C51),"TAK","NIE") -> NIE

Sheet Pom3
A1: Województwo | B1: k 2013 | C1: m 2013 | D1: k 2014 | E1: m 2014 | F1: Ludność 2013 | G1: Ludność 2014 | H1: Tempo wzrostu
A2: w01D | B2: 1415007 | C2: 1397195 | D2: 1499070 | E2: 1481105 | F2: =B2+C2 -> 2812202 | G2: =D2+E2 -> 2980175 | H2: =ROUNDDOWN(G2/F2,4) -> 1.0597
A3: w02D | B3: 1711390 | C3: 1641773 | D3: 1522030 | E3: 1618733 | F3: =B3+C3 -> 3353163 | G3: =D3+E3 -> 3140763 | H3: =ROUNDDOWN(G3/F3,4) -> 0.9366
A4: w03C | B4: 1165105 | C4: 1278732 | D4: 1299953 | E4: 1191621 | F4: =B4+C4 -> 2443837 | G4: =D4+E4 -> 2491574 | H4: =ROUNDDOWN(G4/F4,4) -> 1.0195
A5: w04D | B5: 949065 | C5: 1026050 | D5: 688027 | E5: 723233 | F5: =B5+C5 -> 1975115 | G5: =D5+E5 -> 1411260 | H5: =ROUNDDOWN(G5/F5,4) -> 0.7145
A6: w05A | B6: 2436107 | C6: 2228622 | D6: 1831600 | E6: 1960624 | F6: =B6+C6 -> 4664729 | G6: =D6+E6 -> 3792224 | H6: =ROUNDDOWN(G6/F6,4) -> 0.8129
A7: w06D | B7: 1846928 | C7: 1851433 | D7: 2125113 | E7: 2028635 | F7: =B7+C7 -> 3698361 | G7: =D7+E7 -> 4153748 | H7: =ROUNDDOWN(G7/F7,4) -> 1.1231
A8: w07B | B8: 3841577 | C8: 3848394 | D8: 3595975 | E8: 3123039 | F8: =B8+C8 -> 7689971 | G8: =D8+E8 -> 6719014 | H8: =ROUNDDOWN(G8/F8,4) -> 0.8737
A9: w08A | B9: 679557 | C9: 655500 | D9: 1012012 | E9: 1067022 | F9: =B9+C9 -> 1335057 | G9: =D9+E9 -> 2079034 | H9: =ROUNDDOWN(G9/F9,4) -> 1.5572
A10: w09C | B10: 1660998 | C10: 1630345 | D10: 1130119 | E10: 1080238 | F10: =B10+C10 -> 3291343 | G10: =D10+E10 -> 2210357 | H10: =ROUNDDOWN(G10/F10,4) -> 0.6715
A11: w10C | B11: 1157622 | C11: 1182345 | D11: 830785 | E11: 833779 | F11: =B11+C11 -> 2339967 | G11: =D11+E11 -> 1664564 | H11: =ROUNDDOWN(G11/F11,4) -> 0.7113
A12: w11D | B12: 1987047 | C12: 1996208 | D12: 2053892 | E12: 1697247 | F12: =B12+C12 -> 3983255 | G12: =D12+E12 -> 3751139 | H12: =ROUNDDOWN(G12/F12,4) -> 0.9417
A13: w12C | B13: 3997724 | C13: 3690756 | D13: 4339393 | E13: 4639643 | F13: =B13+C13 -> 7688480 | G13: =D13+E13 -> 8979036 | H13: =ROUNDDOWN(G13/F13,4) -> 1.1678
... A51: w50B | B51: 2494207 | C51: 2625207 | D51: 1796293 | E51: 1853602 | F51: =B51+C51 -> 5119414 | G51: =D51+E51 -> 3649895 | H51: =ROUNDDOWN(G51/F51,4) -> 0.7129

Sheet Arkusz6
A1: Tempo | B1: Województwo | C1: 2013 | D1: 2014 | E1: 2015 | F1: 2016 | G1: 2017 | H1: 2018 | I1: 2019 | J1: 2020 | K1: 2021 | L1: 2022 | M1: 2023 | N1: 2024 | O1: 2025 | P1: 2026 | Q1: Pozycja | R1: Czy przeludnione | S1: Ludność w 2025 | T1: Czy max
A2: ='Pom3'!$H2 -> 1.0597 | B2: ='Pom3'!$A2 -> w01D | C2: ='Pom3'!$F2 -> 2812202 | D2: ='Pom3'!$G2 -> 2980175 | E2: =IF(OR(D2="P",D2>$C2*2),"P",ROUNDDOWN(D2*$A2,0)) -> 3158091 | F2: =IF(OR(E2="P",E2>$C2*2),"P",ROUNDDOWN(E2*$A2,0)) -> 3346629 | G2: =IF(OR(F2="P",F2>$C2*2),"P",ROUNDDOWN(F2*$A2,0)) -> 3546422 | H2: =IF(OR(G2="P",G2>$C2*2),"P",ROUNDDOWN(G2*$A2,0)) -> 3758143 | I2: =IF(OR(H2="P",H2>$C2*2),"P",ROUNDDOWN(H2*$A2,0)) -> 3982504 | J2: =IF(OR(I2="P",I2>$C2*2),"P",ROUNDDOWN(I2*$A2,0)) -> 4220259 | K2: =IF(OR(J2="P",J2>$C2*2),"P",ROUNDDOWN(J2*$A2,0)) -> 4472208 | L2: =IF(OR(K2="P",K2>$C2*2),"P",ROUNDDOWN(K2*$A2,0)) -> 4739198 | ... P2: =IF(OR(O2="P",O2>$C2*2),"P",ROUNDDOWN(O2*$A2,0)) -> P | Q2: =_xlfn.IFNA(MATCH("P",C2:P2,0),"NIE") -> 14 | R2: =IF(Q2="NIE","NIE","TAK") -> TAK | S2: =IF(R2="TAK",INDIRECT(ADDRESS(ROW(),Q2+1)),O2) -> 5639669 | T2: =IF(S2=MAX($S$2:$S$51),"TAK","NIE") -> NIE
A3: ='Pom3'!$H3 -> 0.9366 | B3: ='Pom3'!$A3 -> w02D | C3: ='Pom3'!$F3 -> 3353163 | D3: ='Pom3'!$G3 -> 3140763 | E3: =IF(OR(D3="P",D3>$C3*2),"P",ROUNDDOWN(D3*$A3,0)) -> 2941638 | F3: =IF(OR(E3="P",E3>$C3*2),"P",ROUNDDOWN(E3*$A3,0)) -> 2755138 | G3: =IF(OR(F3="P",F3>$C3*2),"P",ROUNDDOWN(F3*$A3,0)) -> 2580462 | H3: =IF(OR(G3="P",G3>$C3*2),"P",ROUNDDOWN(G3*$A3,0)) -> 2416860 | I3: =IF(OR(H3="P",H3>$C3*2),"P",ROUNDDOWN(H3*$A3,0)) -> 2263631 | J3: =IF(OR(I3="P",I3>$C3*2),"P",ROUNDDOWN(I3*$A3,0)) -> 2120116 | K3: =IF(OR(J3="P",J3>$C3*2),"P",ROUNDDOWN(J3*$A3,0)) -> 1985700 | L3: =IF(OR(K3="P",K3>$C3*2),"P",ROUNDDOWN(K3*$A3,0)) -> 1859806 | ... P3: =IF(OR(O3="P",O3>$C3*2),"P",ROUNDDOWN(O3*$A3,0)) -> 1431145 | Q3: =_xlfn.IFNA(MATCH("P",C3:P3,0),"NIE") -> NIE | R3: =IF(Q3="NIE","NIE","TAK") -> NIE | S3: =IF(R3="TAK",INDIRECT(ADDRESS(ROW(),Q3+1)),O3) -> 1528022 | T3: =IF(S3=MAX($S$2:$S$51),"TAK","NIE") -> NIE
A4: ='Pom3'!$H4 -> 1.0195 | B4: ='Pom3'!$A4 -> w03C | C4: ='Pom3'!$F4 -> 2443837 | D4: ='Pom3'!$G4 -> 2491574 | E4: =IF(OR(D4="P",D4>$C4*2),"P",ROUNDDOWN(D4*$A4,0)) -> 2540159 | F4: =IF(OR(E4="P",E4>$C4*2),"P",ROUNDDOWN(E4*$A4,0)) -> 2589692 | G4: =IF(OR(F4="P",F4>$C4*2),"P",ROUNDDOWN(F4*$A4,0)) -> 2640190 | H4: =IF(OR(G4="P",G4>$C4*2),"P",ROUNDDOWN(G4*$A4,0)) -> 2691673 | I4: =IF(OR(H4="P",H4>$C4*2),"P",ROUNDDOWN(H4*$A4,0)) -> 2744160 | J4: =IF(OR(I4="P",I4>$C4*2),"P",ROUNDDOWN(I4*$A4,0)) -> 2797671 | K4: =IF(OR(J4="P",J4>$C4*2),"P",ROUNDDOWN(J4*$A4,0)) -> 2852225 | L4: =IF(OR(K4="P",K4>$C4*2),"P",ROUNDDOWN(K4*$A4,0)) -> 2907843 | ... P4: =IF(OR(O4="P",O4>$C4*2),"P",ROUNDDOWN(O4*$A4,0)) -> 3141373 | Q4: =_xlfn.IFNA(MATCH("P",C4:P4,0),"NIE") -> NIE | R4: =IF(Q4="NIE","NIE","TAK") -> NIE | S4: =IF(R4="TAK",INDIRECT(ADDRESS(ROW(),Q4+1)),O4) -> 3081288 | T4: =IF(S4=MAX($S$2:$S$51),"TAK","NIE") -> NIE
A5: ='Pom3'!$H5 -> 0.7145 | B5: ='Pom3'!$A5 -> w04D | C5: ='Pom3'!$F5 -> 1975115 | D5: ='Pom3'!$G5 -> 1411260 | E5: =IF(OR(D5="P",D5>$C5*2),"P",ROUNDDOWN(D5*$A5,0)) -> 1008345 | F5: =IF(OR(E5="P",E5>$C5*2),"P",ROUNDDOWN(E5*$A5,0)) -> 720462 | G5: =IF(OR(F5="P",F5>$C5*2),"P",ROUNDDOWN(F5*$A5,0)) -> 514770 | H5: =IF(OR(G5="P",G5>$C5*2),"P",ROUNDDOWN(G5*$A5,0)) -> 367803 | I5: =IF(OR(H5="P",H5>$C5*2),"P",ROUNDDOWN(H5*$A5,0)) -> 262795 | J5: =IF(OR(I5="P",I5>$C5*2),"P",ROUNDDOWN(I5*$A5,0)) -> 187767 | K5: =IF(OR(J5="P",J5>$C5*2),"P",ROUNDDOWN(J5*$A5,0)) -> 134159 | L5: =IF(OR(K5="P",K5>$C5*2),"P",ROUNDDOWN(K5*$A5,0)) -> 95856 | ... P5: =IF(OR(O5="P",O5>$C5*2),"P",ROUNDDOWN(O5*$A5,0)) -> 24981 | Q5: =_xlfn.IFNA(MATCH("P",C5:P5,0),"NIE") -> NIE | R5: =IF(Q5="NIE","NIE","TAK") -> NIE | S5: =IF(R5="TAK",INDIRECT(ADDRESS(ROW(),Q5+1)),O5) -> 34964 | T5: =IF(S5=MAX($S$2:$S$51),"TAK","NIE") -> NIE
A6: ='Pom3'!$H6 -> 0.8129 | B6: ='Pom3'!$A6 -> w05A | C6: ='Pom3'!$F6 -> 4664729 | D6: ='Pom3'!$G6 -> 3792224 | E6: =IF(OR(D6="P",D6>$C6*2),"P",ROUNDDOWN(D6*$A6,0)) -> 3082698 | F6: =IF(OR(E6="P",E6>$C6*2),"P",ROUNDDOWN(E6*$A6,0)) -> 2505925 | G6: =IF(OR(F6="P",F6>$C6*2),"P",ROUNDDOWN(F6*$A6,0)) -> 2037066 | H6: =IF(OR(G6="P",G6>$C6*2),"P",ROUNDDOWN(G6*$A6,0)) -> 1655930 | I6: =IF(OR(H6="P",H6>$C6*2),"P",ROUNDDOWN(H6*$A6,0)) -> 1346105 | J6: =IF(OR(I6="P",I6>$C6*2),"P",ROUNDDOWN(I6*$A6,0)) -> 1094248 | K6: =IF(OR(J6="P",J6>$C6*2),"P",ROUNDDOWN(J6*$A6,0)) -> 889514 | L6: =IF(OR(K6="P",K6>$C6*2),"P",ROUNDDOWN(K6*$A6,0)) -> 723085 | ... P6: =IF(OR(O6="P",O6>$C6*2),"P",ROUNDDOWN(O6*$A6,0)) -> 315744 | Q6: =_xlfn.IFNA(MATCH("P",C6:P6,0),"NIE") -> NIE | R6: =IF(Q6="NIE","NIE","TAK") -> NIE | S6: =IF(R6="TAK",INDIRECT(ADDRESS(ROW(),Q6+1)),O6) -> 388418 | T6: =IF(S6=MAX($S$2:$S$51),"TAK","NIE") -> NIE
A7: ='Pom3'!$H7 -> 1.1231 | B7: ='Pom3'!$A7 -> w06D | C7: ='Pom3'!$F7 -> 3698361 | D7: ='Pom3'!$G7 -> 4153748 | E7: =IF(OR(D7="P",D7>$C7*2),"P",ROUNDDOWN(D7*$A7,0)) -> 4665074 | F7: =IF(OR(E7="P",E7>$C7*2),"P",ROUNDDOWN(E7*$A7,0)) -> 5239344 | G7: =IF(OR(F7="P",F7>$C7*2),"P",ROUNDDOWN(F7*$A7,0)) -> 5884307 | H7: =IF(OR(G7="P",G7>$C7*2),"P",ROUNDDOWN(G7*$A7,0)) -> 6608665 | I7: =IF(OR(H7="P",H7>$C7*2),"P",ROUNDDOWN(H7*$A7,0)) -> 7422191 | J7: =IF(OR(I7="P",I7>$C7*2),"P",ROUNDDOWN(I7*$A7,0)) -> P | K7: =IF(OR(J7="P",J7>$C7*2),"P",ROUNDDOWN(J7*$A7,0)) -> P | L7: =IF(OR(K7="P",K7>$C7*2),"P",ROUNDDOWN(K7*$A7,0)) -> P | ... P7: =IF(OR(O7="P",O7>$C7*2),"P",ROUNDDOWN(O7*$A7,0)) -> P | Q7: =_xlfn.IFNA(MATCH("P",C7:P7,0),"NIE") -> 8 | R7: =IF(Q7="NIE","NIE","TAK") -> TAK | S7: =IF(R7="TAK",INDIRECT(ADDRESS(ROW(),Q7+1)),O7) -> 7422191 | T7: =IF(S7=MAX($S$2:$S$51),"TAK","NIE") -> NIE
A8: ='Pom3'!$H8 -> 0.8737 | B8: ='Pom3'!$A8 -> w07B | C8: ='Pom3'!$F8 -> 7689971 | D8: ='Pom3'!$G8 -> 6719014 | E8: =IF(OR(D8="P",D8>$C8*2),"P",ROUNDDOWN(D8*$A8,0)) -> 5870402 | F8: =IF(OR(E8="P",E8>$C8*2),"P",ROUNDDOWN(E8*$A8,0)) -> 5128970 | G8: =IF(OR(F8="P",F8>$C8*2),"P",ROUNDDOWN(F8*$A8,0)) -> 4481181 | H8: =IF(OR(G8="P",G8>$C8*2),"P",ROUNDDOWN(G8*$A8,0)) -> 3915207 | I8: =IF(OR(H8="P",H8>$C8*2),"P",ROUNDDOWN(H8*$A8,0)) -> 3420716 | J8: =IF(OR(I8="P",I8>$C8*2),"P",ROUNDDOWN(I8*$A8,0)) -> 2988679 | K8: =IF(OR(J8="P",J8>$C8*2),"P",ROUNDDOWN(J8*$A8,0)) -> 2611208 | L8: =IF(OR(K8="P",K8>$C8*2),"P",ROUNDDOWN(K8*$A8,0)) -> 2281412 | ... P8: =IF(OR(O8="P",O8>$C8*2),"P",ROUNDDOWN(O8*$A8,0)) -> 1329391 | Q8: =_xlfn.IFNA(MATCH("P",C8:P8,0),"NIE") -> NIE | R8: =IF(Q8="NIE","NIE","TAK") -> NIE | S8: =IF(R8="TAK",INDIRECT(ADDRESS(ROW(),Q8+1)),O8) -> 1521565 | T8: =IF(S8=MAX($S$2:$S$51),"TAK","NIE") -> NIE
A9: ='Pom3'!$H9 -> 1.5572 | B9: ='Pom3'!$A9 -> w08A | C9: ='Pom3'!$F9 -> 1335057 | D9: ='Pom3'!$G9 -> 2079034 | E9: =IF(OR(D9="P",D9>$C9*2),"P",ROUNDDOWN(D9*$A9,0)) -> 3237471 | F9: =IF(OR(E9="P",E9>$C9*2),"P",ROUNDDOWN(E9*$A9,0)) -> P | G9: =IF(OR(F9="P",F9>$C9*2),"P",ROUNDDOWN(F9*$A9,0)) -> P | H9: =IF(OR(G9="P",G9>$C9*2),"P",ROUNDDOWN(G9*$A9,0)) -> P | I9: =IF(OR(H9="P",H9>$C9*2),"P",ROUNDDOWN(H9*$A9,0)) -> P | J9: =IF(OR(I9="P",I9>$C9*2),"P",ROUNDDOWN(I9*$A9,0)) -> P | K9: =IF(OR(J9="P",J9>$C9*2),"P",ROUNDDOWN(J9*$A9,0)) -> P | L9: =IF(OR(K9="P",K9>$C9*2),"P",ROUNDDOWN(K9*$A9,0)) -> P | ... P9: =IF(OR(O9="P",O9>$C9*2),"P",ROUNDDOWN(O9*$A9,0)) -> P | Q9: =_xlfn.IFNA(MATCH("P",C9:P9,0),"NIE") -> 4 | R9: =IF(Q9="NIE","NIE","TAK") -> TAK | S9: =IF(R9="TAK",INDIRECT(ADDRESS(ROW(),Q9+1)),O9) -> 3237471 | T9: =IF(S9=MAX($S$2:$S$51),"TAK","NIE") -> NIE
A10: ='Pom3'!$H10 -> 0.6715 | B10: ='Pom3'!$A10 -> w09C | C10: ='Pom3'!$F10 -> 3291343 | D10: ='Pom3'!$G10 -> 2210357 | E10: =IF(OR(D10="P",D10>$C10*2),"P",ROUNDDOWN(D10*$A10,0)) -> 1484254 | F10: =IF(OR(E10="P",E10>$C10*2),"P",ROUNDDOWN(E10*$A10,0)) -> 996676 | G10: =IF(OR(F10="P",F10>$C10*2),"P",ROUNDDOWN(F10*$A10,0)) -> 669267 | H10: =IF(OR(G10="P",G10>$C10*2),"P",ROUNDDOWN(G10*$A10,0)) -> 449412 | I10: =IF(OR(H10="P",H10>$C10*2),"P",ROUNDDOWN(H10*$A10,0)) -> 301780 | J10: =IF(OR(I10="P",I10>$C10*2),"P",ROUNDDOWN(I10*$A10,0)) -> 202645 | K10: =IF(OR(J10="P",J10>$C10*2),"P",ROUNDDOWN(J10*$A10,0)) -> 136076 | L10: =IF(OR(K10="P",K10>$C10*2),"P",ROUNDDOWN(K10*$A10,0)) -> 91375 | ... P10: =IF(OR(O10="P",O10>$C10*2),"P",ROUNDDOWN(O10*$A10,0)) -> 18577 | Q10: =_xlfn.IFNA(MATCH("P",C10:P10,0),"NIE") -> NIE | R10: =IF(Q10="NIE","NIE","TAK") -> NIE | S10: =IF(R10="TAK",INDIRECT(ADDRESS(ROW(),Q10+1)),O10) -> 27666 | T10: =IF(S10=MAX($S$2:$S$51),"TAK","NIE") -> NIE
A11: ='Pom3'!$H11 -> 0.7113 | B11: ='Pom3'!$A11 -> w10C | C11: ='Pom3'!$F11 -> 2339967 | D11: ='Pom3'!$G11 -> 1664564 | E11: =IF(OR(D11="P",D11>$C11*2),"P",ROUNDDOWN(D11*$A11,0)) -> 1184004 | F11: =IF(OR(E11="P",E11>$C11*2),"P",ROUNDDOWN(E11*$A11,0)) -> 842182 | G11: =IF(OR(F11="P",F11>$C11*2),"P",ROUNDDOWN(F11*$A11,0)) -> 599044 | H11: =IF(OR(G11="P",G11>$C11*2),"P",ROUNDDOWN(G11*$A11,0)) -> 426099 | I11: =IF(OR(H11="P",H11>$C11*2),"P",ROUNDDOWN(H11*$A11,0)) -> 303084 | J11: =IF(OR(I11="P",I11>$C11*2),"P",ROUNDDOWN(I11*$A11,0)) -> 215583 | K11: =IF(OR(J11="P",J11>$C11*2),"P",ROUNDDOWN(J11*$A11,0)) -> 153344 | L11: =IF(OR(K11="P",K11>$C11*2),"P",ROUNDDOWN(K11*$A11,0)) -> 109073 | ... P11: =IF(OR(O11="P",O11>$C11*2),"P",ROUNDDOWN(O11*$A11,0)) -> 27919 | Q11: =_xlfn.IFNA(MATCH("P",C11:P11,0),"NIE") -> NIE | R11: =IF(Q11="NIE","NIE","TAK") -> NIE | S11: =IF(R11="TAK",INDIRECT(ADDRESS(ROW(),Q11+1)),O11) -> 39252 | T11: =IF(S11=MAX($S$2:$S$51),"TAK","NIE") -> NIE
A12: ='Pom3'!$H12 -> 0.9417 | B12: ='Pom3'!$A12 -> w11D | C12: ='Pom3'!$F12 -> 3983255 | D12: ='Pom3'!$G12 -> 3751139 | E12: =IF(OR(D12="P",D12>$C12*2),"P",ROUNDDOWN(D12*$A12,0)) -> 3532447 | F12: =IF(OR(E12="P",E12>$C12*2),"P",ROUNDDOWN(E12*$A12,0)) -> 3326505 | G12: =IF(OR(F12="P",F12>$C12*2),"P",ROUNDDOWN(F12*$A12,0)) -> 3132569 | H12: =IF(OR(G12="P",G12>$C12*2),"P",ROUNDDOWN(G12*$A12,0)) -> 2949940 | I12: =IF(OR(H12="P",H12>$C12*2),"P",ROUNDDOWN(H12*$A12,0)) -> 2777958 | J12: =IF(OR(I12="P",I12>$C12*2),"P",ROUNDDOWN(I12*$A12,0)) -> 2616003 | K12: =IF(OR(J12="P",J12>$C12*2),"P",ROUNDDOWN(J12*$A12,0)) -> 2463490 | L12: =IF(OR(K12="P",K12>$C12*2),"P",ROUNDDOWN(K12*$A12,0)) -> 2319868 | ... P12: =IF(OR(O12="P",O12>$C12*2),"P",ROUNDDOWN(O12*$A12,0)) -> 1824371 | Q12: =_xlfn.IFNA(MATCH("P",C12:P12,0),"NIE") -> NIE | R12: =IF(Q12="NIE","NIE","TAK") -> NIE | S12: =IF(R12="TAK",INDIRECT(ADDRESS(ROW(),Q12+1)),O12) -> 1937317 | T12: =IF(S12=MAX($S$2:$S$51),"TAK","NIE") -> NIE
A13: ='Pom3'!$H13 -> 1.1678 | B13: ='Pom3'!$A13 -> w12C | C13: ='Pom3'!$F13 -> 7688480 | D13: ='Pom3'!$G13 -> 8979036 | E13: =IF(OR(D13="P",D13>$C13*2),"P",ROUNDDOWN(D13*$A13,0)) -> 10485718 | F13: =IF(OR(E13="P",E13>$C13*2),"P",ROUNDDOWN(E13*$A13,0)) -> 12245221 | G13: =IF(OR(F13="P",F13>$C13*2),"P",ROUNDDOWN(F13*$A13,0)) -> 14299969 | H13: =IF(OR(G13="P",G13>$C13*2),"P",ROUNDDOWN(G13*$A13,0)) -> 16699503 | I13: =IF(OR(H13="P",H13>$C13*2),"P",ROUNDDOWN(H13*$A13,0)) -> P | J13: =IF(OR(I13="P",I13>$C13*2),"P",ROUNDDOWN(I13*$A13,0)) -> P | K13: =IF(OR(J13="P",J13>$C13*2),"P",ROUNDDOWN(J13*$A13,0)) -> P | L13: =IF(OR(K13="P",K13>$C13*2),"P",ROUNDDOWN(K13*$A13,0)) -> P | ... P13: =IF(OR(O13="P",O13>$C13*2),"P",ROUNDDOWN(O13*$A13,0)) -> P | Q13: =_xlfn.IFNA(MATCH("P",C13:P13,0),"NIE") -> 7 | R13: =IF(Q13="NIE","NIE","TAK") -> TAK | S13: =IF(R13="TAK",INDIRECT(ADDRESS(ROW(),Q13+1)),O13) -> 16699503 | T13: =IF(S13=MAX($S$2:$S$51),"TAK","NIE") -> TAK
... A50: ='Pom3'!$H50 -> 11.7956 | B50: ='Pom3'!$A50 -> w49C | C50: ='Pom3'!$F50 -> 516909 | D50: ='Pom3'!$G50 -> 6097264 | E50: =IF(OR(D50="P",D50>$C50*2),"P",ROUNDDOWN(D50*$A50,0)) -> P | F50: =IF(OR(E50="P",E50>$C50*2),"P",ROUNDDOWN(E50*$A50,0)) -> P | G50: =IF(OR(F50="P",F50>$C50*2),"P",ROUNDDOWN(F50*$A50,0)) -> P | H50: =IF(OR(G50="P",G50>$C50*2),"P",ROUNDDOWN(G50*$A50,0)) -> P | I50: =IF(OR(H50="P",H50>$C50*2),"P",ROUNDDOWN(H50*$A50,0)) -> P | J50: =IF(OR(I50="P",I50>$C50*2),"P",ROUNDDOWN(I50*$A50,0)) -> P | K50: =IF(OR(J50="P",J50>$C50*2),"P",ROUNDDOWN(J50*$A50,0)) -> P | L50: =IF(OR(K50="P",K50>$C50*2),"P",ROUNDDOWN(K50*$A50,0)) -> P | ... P50: =IF(OR(O50="P",O50>$C50*2),"P",ROUNDDOWN(O50*$A50,0)) -> P | Q50: =_xlfn.IFNA(MATCH("P",C50:P50,0),"NIE") -> 3 | R50: =IF(Q50="NIE","NIE","TAK") -> TAK | S50: =IF(R50="TAK",INDIRECT(ADDRESS(ROW(),Q50+1)),O50) -> 6097264 | T50: =IF(S50=MAX($S$2:$S$51),"TAK","NIE") -> NIE
A51: ='Pom3'!$H51 -> 0.7129 | B51: ='Pom3'!$A51 -> w50B | C51: ='Pom3'!$F51 -> 5119414 | D51: ='Pom3'!$G51 -> 3649895 | E51: =IF(OR(D51="P",D51>$C51*2),"P",ROUNDDOWN(D51*$A51,0)) -> 2602010 | F51: =IF(OR(E51="P",E51>$C51*2),"P",ROUNDDOWN(E51*$A51,0)) -> 1854972 | G51: =IF(OR(F51="P",F51>$C51*2),"P",ROUNDDOWN(F51*$A51,0)) -> 1322409 | H51: =IF(OR(G51="P",G51>$C51*2),"P",ROUNDDOWN(G51*$A51,0)) -> 942745 | I51: =IF(OR(H51="P",H51>$C51*2),"P",ROUNDDOWN(H51*$A51,0)) -> 672082 | J51: =IF(OR(I51="P",I51>$C51*2),"P",ROUNDDOWN(I51*$A51,0)) -> 479127 | K51: =IF(OR(J51="P",J51>$C51*2),"P",ROUNDDOWN(J51*$A51,0)) -> 341569 | L51: =IF(OR(K51="P",K51>$C51*2),"P",ROUNDDOWN(K51*$A51,0)) -> 243504 | ... P51: =IF(OR(O51="P",O51>$C51*2),"P",ROUNDDOWN(O51*$A51,0)) -> 62894 | Q51: =_xlfn.IFNA(MATCH("P",C51:P51,0),"NIE") -> NIE | R51: =IF(Q51="NIE","NIE","TAK") -> NIE | S51: =IF(R51="TAK",INDIRECT(ADDRESS(ROW(),Q51+1)),O51) -> 88224 | T51: =IF(S51=MAX($S$2:$S$51),"TAK","NIE") -> NIE | U51: ś
R52: =COUNTIF(R2:R51,"TAK") -> 18 | S52: =SUM(S2:S51) -> 125930205 | T52: =INDIRECT("B"&MATCH("TAK",T2:T51,0)+1) -> w12C
